energy,attenlength
30.00,2437336.09
30.21,2440143.29
30.42,2442950.99
30.63,2445771.14
30.84,2448585.82
31.06,2451412.99
31.27,2454234.66
31.49,2457062.83
31.71,2459885.42
31.93,2462720.57
32.15,2465562.26
32.37,2467655.21
32.60,2468977.30
32.82,2469202.87
33.05,2464140.59
33.28,2459086.94
33.51,2454035.91
33.74,2448999.58
33.98,2443971.94
34.21,2438958.95
34.45,2433954.64
34.69,2428959.02
34.93,2423977.99
35.17,2419005.64
35.42,2414042.00
35.66,2409087.08
35.91,2404140.89
36.16,2399203.46
36.41,2394280.54
36.66,2389372.07
36.92,2384472.32
37.17,2379581.29
37.43,2374699.01
37.69,2369825.49
37.95,2364966.33
38.21,2360110.36
38.48,2355263.19
38.75,2350430.36
39.02,2345600.83
39.29,2340791.09
39.56,2335984.68
39.83,2331192.52
40.11,2326414.58
40.39,2321634.62
40.67,2315908.44
40.95,2310199.76
41.23,2301707.87
41.52,2291974.65
41.81,2282281.73
42.10,2272623.97
42.39,2263006.63
42.68,2253434.80
42.98,2243903.31
43.28,2234412.18
43.58,2224956.45
43.88,2215546.04
44.19,2206175.97
44.49,2196841.38
44.80,2187551.95
45.11,2178298.05
45.43,2169079.77
45.74,2159901.85
46.06,2150764.27
46.38,2141666.99
46.70,2132605.40
47.02,2123584.10
47.35,2114603.03
47.68,2094530.34
48.01,2071946.26
48.34,2046684.88
48.68,2018631.97
49.02,1990968.96
49.36,1963679.78
49.70,1936768.39
50.04,1910226.97
50.39,1884048.14
50.74,1858228.33
51.09,1832760.60
51.45,1807641.62
51.80,1782864.89
52.16,1758430.35
52.52,1734328.61
52.89,1710559.63
53.26,1688795.52
53.63,1668613.38
54.00,1649130.91
54.37,1631316.05
54.75,1613694.46
55.13,1596266.01
55.51,1579025.49
55.90,1561970.39
56.29,1545098.33
56.68,1528406.97
57.07,1511900.93
57.47,1495573.10
57.86,1479416.87
58.27,1463434.62
58.67,1447628.42
59.08,1431993.89
59.49,1418071.62
59.90,1407590.29
60.31,1397186.63
60.73,1388730.73
61.15,1380334.65
61.58,1371988.66
62.01,1363692.77
62.44,1355445.16
62.87,1347247.71
63.31,1339731.89
63.75,1349735.32
64.19,1359815.28
64.63,1371055.64
65.08,1382825.58
65.53,1394696.25
65.99,1406667.60
66.45,1418741.58
66.91,1430924.28
67.37,1443211.78
67.84,1453953.30
68.31,1464231.75
68.78,1474460.86
69.26,1484600.24
69.74,1494808.53
70.22,1505090.22
70.71,1515440.83
71.20,1525862.61
71.70,1536355.55
72.19,1546922.01
72.70,4948094.49
73.20,17896736.19
73.71,18203765.30
74.22,18516056.57
74.73,18833679.21
75.25,19156746.82
75.77,19485352.86
76.30,19819598.05
76.83,20159591.39
77.36,20505501.63
77.90,20857327.95
78.44,21215135.05
78.98,21579084.00
79.53,21949270.85
80.08,22325809.01
80.64,22701434.37
81.20,23058151.97
81.76,23420476.24
82.33,23786784.78
82.90,24158615.81
83.48,24536234.50
84.06,24919752.17
84.64,25309272.99
85.23,25704899.02
85.82,26106709.08
86.41,26383268.15
87.01,26655400.32
87.62,26828409.78
88.22,26941643.86
88.84,27055354.71
89.45,27169542.29
90.07,27284206.48
90.70,27399354.64
91.33,27514979.15
91.96,27631095.04
92.60,27747710.05
93.24,27864832.16
93.89,27982430.39
94.54,28100512.16
95.20,28219093.04
95.86,28338173.02
96.52,28457760.15
97.19,28577830.01
97.87,28698431.43
98.55,28819573.33
99.23,28941222.98
99.92,29063354.92
100.61,29186002.39
101.31,29309208.34
102.01,29432947.77
102.72,29552233.42
103.43,29665201.50
104.15,29775631.68
104.87,29860301.57
105.60,29945194.31
106.33,30030228.43
107.07,30115483.85
107.81,30201014.94
108.56,30286849.78
109.32,30372924.85
110.07,30459295.72
110.84,30545897.96
111.61,30632693.78
112.38,30719710.60
113.16,30806966.93
113.95,30894481.75
114.74,30982226.43
115.53,31070171.67
116.34,31158345.78
117.14,31246924.13
117.96,31335791.52
118.77,31424859.70
119.60,31514117.85
120.43,31603634.80
121.26,31693390.53
122.10,31783404.99
122.95,31873749.35
123.81,31964332.92
124.66,31922853.95
125.53,31785445.70
126.40,31632486.18
127.28,31433888.25
128.16,31236558.52
129.05,31040428.61
129.95,30845528.37
130.85,30651876.52
131.75,30459453.44
132.67,30268231.01
133.59,30078200.31
134.52,29889361.54
135.45,29701705.77
136.39,29515232.96
137.34,29329916.98
138.29,29145783.71
139.25,28962807.12
140.21,28780978.77
141.19,28600290.35
142.17,28420733.72
143.15,28242308.84
144.15,28064976.03
145.15,27888775.10
146.15,27713689.87
147.17,27539719.85
148.19,27366826.86
149.22,27194996.56
150.25,27024258.87
151.30,26820365.24
152.35,26605629.80
153.40,26392062.53
154.47,26179415.39
155.54,25968488.28
156.62,25759240.74
157.70,25551692.99
158.80,25345799.07
159.90,25141559.55
161.01,24938974.33
162.13,24738030.44
163.25,24538703.06
164.38,24340997.91
165.53,24144873.10
166.67,23950323.20
167.83,23757331.22
168.99,23565902.87
170.17,23376021.06
171.35,23187679.92
172.54,23000857.47
173.73,22815537.75
174.94,22631694.96
176.15,22449329.62
177.38,22241552.60
178.61,22012070.54
179.85,21761696.37
181.09,21427155.71
182.35,21097776.38
183.62,20773397.75
184.89,20453996.92
186.17,20139550.98
187.46,19829962.04
188.76,19525117.89
190.07,19224905.63
191.39,18929305.48
192.72,18638318.03
194.06,18351819.43
195.41,18069694.09
196.76,17791878.43
198.13,17518328.99
199.50,17248971.83
200.89,16983753.34
202.28,16719201.18
203.68,16458640.42
205.10,16202166.75
206.52,15949698.48
207.95,15701150.58
209.39,15456421.16
210.85,15215505.57
212.31,14978419.09
213.78,14745023.89
215.27,14515237.52
216.76,14289015.05
218.27,14066325.82
219.78,13847101.41
221.30,13631683.63
222.84,13427919.60
224.39,13227208.79
225.94,13044952.91
227.51,12871063.10
229.09,12699489.94
230.68,12530204.06
232.28,12363167.55
233.89,12198363.44
235.51,12035759.69
237.15,11875319.59
238.79,11717013.50
240.45,11560827.29
242.12,11406733.08
243.80,11254688.42
245.49,11104667.94
247.19,10956637.14
248.91,10810572.39
250.64,10666447.08
252.38,10524258.57
254.13,10383975.53
255.89,10245562.57
257.67,10108982.92
259.45,9974266.39
261.25,9841260.47
263.07,9710057.68
264.89,9576892.87
266.73,9442068.19
268.58,9303190.99
270.44,9142439.20
272.32,8984483.80
274.21,8829320.41
276.11,8676789.59
278.03,8526893.82
279.96,8379560.58
281.90,8234858.15
283.86,8092579.10
285.83,7952792.23
287.81,7815430.79
289.81,7680373.57
291.82,7547739.45
293.84,7417352.15
295.88,7289214.15
297.93,7163272.47
300.00,7039526.94
302.08,6917925.73
304.18,6798420.05
306.29,6680963.93
308.41,6565557.09
310.55,6452154.05
312.71,6340711.81
314.88,6231150.77
317.06,6123511.22
319.26,6017716.16
321.48,5913765.47
323.71,5811588.31
325.96,5711217.97
328.22,5612554.16
330.49,5515628.53
332.79,5420318.61
335.10,5326685.63
337.42,5234670.27
339.76,5144218.16
342.12,5055356.15
344.49,4968030.72
346.88,4882216.53
349.29,4797888.93
351.72,4715001.72
354.16,4633555.28
356.61,4553505.97
359.09,4477378.05
361.58,4405829.79
364.09,4335629.77
366.61,4268105.30
369.16,4201645.36
371.72,4136213.79
374.30,4071810.45
376.90,4008401.61
379.51,3945987.33
382.14,3884551.14
384.80,3824047.91
387.47,3764493.30
390.15,3705886.06
392.86,3648183.75
395.59,3591373.52
398.33,3535455.31
401.10,3480403.59
403.88,3426206.37
406.68,3372851.91
409.50,3320328.71
412.34,3268625.44
415.21,3217720.63
418.09,3167624.35
420.99,3118295.66
423.91,3069744.60
426.85,3021942.32
429.81,2974888.96
432.79,2928557.83
435.80,2881271.45
438.82,2833575.60
441.87,2786345.79
444.93,2739013.13
448.02,2692493.06
451.13,2646819.05
454.26,2601923.86
457.41,2557786.80
460.58,2514394.91
463.78,2471735.70
467.00,2429785.28
470.24,2388550.25
473.50,2348024.14
476.79,2308189.46
480.09,2269014.34
483.42,2230504.83
486.78,2192626.64
490.16,2155339.64
493.56,2118684.47
496.98,2082331.21
500.43,2046601.11
503.90,2011109.37
507.40,1976069.79
510.92,1941559.07
514.47,1907523.27
518.03,1874084.04
521.63,1841305.26
525.25,1809096.86
528.89,1777550.25
532.56,1746587.60
536.26,1716184.30
539.98,1686346.33
543.73,1657028.29
547.50,1628229.59
551.30,1599930.88
555.12,1571687.00
558.97,1543819.78
562.85,1516309.42
566.76,1489127.88
570.69,1462388.11
574.65,1435851.19
578.64,1409798.95
582.65,1384167.34
586.70,1358989.24
590.77,1334245.96
594.87,1309932.70
598.99,1286062.81
603.15,1262631.05
607.33,1239624.34
611.55,1217036.56
615.79,1194860.19
620.06,1173068.69
624.37,1151658.45
628.70,1130551.57
633.06,1109528.18
637.45,1088895.23
641.88,1068139.85
646.33,1047723.82
650.82,1027487.34
655.33,1007492.72
659.88,987888.49
664.46,968673.11
669.07,949839.00
673.71,932427.01
678.38,915407.22
683.09,899223.97
687.83,883657.64
692.60,868417.40
697.41,853584.63
702.25,839010.64
707.12,824042.26
712.03,809323.41
716.97,794577.80
721.94,779952.11
726.95,765591.27
732.00,751501.12
737.08,737669.85
742.19,724086.75
747.34,710757.31
752.53,697666.31
757.75,684818.93
763.00,672196.60
768.30,659791.64
773.63,647609.67
779.00,635574.37
784.40,623764.17
789.85,612129.97
795.33,600694.40
800.84,589473.19
806.40,578459.33
812.00,567652.87
817.63,557041.00
823.30,546630.30
829.02,536411.62
834.77,526385.05
840.56,516544.93
846.39,506888.62
852.27,497410.98
858.18,488097.74
864.13,478959.32
870.13,469982.23
876.17,461169.53
882.25,452523.50
888.37,444039.87
894.53,435714.66
900.74,427547.76
906.99,419533.48
913.28,411671.72
919.62,403955.53
926.00,396372.40
932.43,388917.41
938.90,381605.11
945.41,374429.46
951.97,367390.43
958.57,360483.77
965.23,353706.85
971.92,347054.72
978.67,340525.23
985.46,334122.98
992.30,327853.80
999.18,321702.71
1006.11,315685.46
1013.09,309781.67
1020.12,304086.31
1027.20,298559.15
1034.33,293103.85
1041.51,287675.41
1048.73,282347.89
1056.01,277013.68
1063.34,271776.80
1070.71,266637.51
1078.14,261593.84
1085.63,256646.50
1093.16,251792.13
1100.74,247030.08
1108.38,242357.26
1116.07,237773.11
1123.82,233275.87
1131.61,228864.90
1139.46,224536.95
1147.37,220291.49
1155.33,216126.03
1163.35,212037.81
1171.42,208026.93
1179.55,204092.46
1187.73,200232.27
1195.97,196445.13
1204.27,192729.84
1212.63,189084.89
1221.04,185508.45
1229.52,181999.52
1238.05,178574.62
1246.64,175218.80
1255.29,171937.11
1264.00,168729.95
1272.77,165585.94
1281.60,162523.93
1290.49,159518.64
1299.45,156567.78
1308.46,153671.91
1317.54,150829.34
1326.68,148039.59
1335.89,145301.53
1345.16,142613.48
1354.49,139975.45
1363.89,137386.42
1373.35,134845.40
1382.88,132351.46
1392.48,129904.04
1402.14,127501.91
1411.87,125144.39
1421.66,122830.51
1431.53,120558.62
1441.46,118328.63
1451.46,116129.72
1461.53,113963.75
1471.68,111831.55
1481.89,109718.06
1492.17,107644.60
1502.52,105509.49
1512.95,103407.48
1523.45,101338.68
1534.02,99305.85
1544.66,97313.18
1555.38,95360.70
1566.17,1113428.28
1577.04,1095380.23
1587.98,1077624.53
1599.00,1060157.58
1610.09,1042974.73
1621.27,1026072.50
1632.51,1009446.40
1643.84,993088.11
1655.25,976991.84
1666.73,961159.54
1678.30,945581.77
1689.94,930258.52
1701.67,915189.40
1713.48,900357.44
1725.37,885747.44
1737.34,870935.99
1749.39,856377.01
1761.53,841949.28
1773.75,827725.49
1786.06,813689.51
1798.45,799833.63
1810.93,786206.79
1823.50,772815.44
1836.15,759653.29
1848.89,746714.46
1861.72,733993.44
1874.64,721490.31
1887.64,709199.74
1900.74,697116.73
1913.93,685245.97
1927.21,673573.04
1940.58,662102.57
1954.05,650829.81
1967.61,639746.15
1981.26,628847.76
1995.01,618165.41
2008.85,607806.67
2022.79,597617.90
2036.82,587281.82
2050.96,577057.35
2065.19,566976.99
2079.52,557047.20
2093.94,547282.47
2108.47,537657.53
2123.10,528203.42
2137.83,518892.89
2152.67,509741.15
2167.61,500726.05
2182.65,491847.63
2197.79,483122.13
2213.04,474536.38
2228.39,466102.68
2243.86,457789.52
2259.43,449620.07
2275.10,441582.99
2290.89,433679.55
2306.79,425910.70
2322.79,418264.79
2338.91,410755.21
2355.14,403354.29
2371.48,396083.53
2387.93,388934.05
2404.50,381906.78
2421.19,375000.94
2437.99,368207.49
2454.90,361536.82
2471.94,354959.85
2489.09,348501.27
2506.36,342152.89
2523.75,335915.40
2541.26,329785.94
2558.89,323756.61
2576.65,317837.69
2594.53,312014.43
2612.53,306297.48
2630.66,300673.21
2648.91,295146.32
2667.29,289718.19
2685.80,284384.18
2704.43,279147.15
2723.20,273989.12
2742.09,268926.37
2761.12,263949.74
2780.28,259064.00
2799.57,254264.01
2818.99,249546.45
2838.55,244916.15
2858.25,240361.50
2878.08,235891.34
2898.05,231496.49
2918.16,227182.37
2938.41,222943.57
2958.80,218778.65
2979.33,214690.87
3000.00,210674.01
3020.82,206732.88
3041.78,202857.04
3062.88,199052.11
3084.14,195315.17
3105.53,191644.68
3127.08,188042.38
3148.78,184502.53
3170.63,181029.55
3192.63,177616.11
3214.78,174266.12
3237.09,170976.12
3259.55,167746.11
3282.17,164574.92
3304.94,161458.29
3327.87,158400.79
3350.96,155397.74
3374.21,152451.11
3397.62,149557.53
3421.20,146717.27
3444.94,143929.62
3468.84,141191.69
3492.91,138505.31
3517.15,135865.50
3541.55,133275.58
3566.12,130732.97
3590.87,128237.85
3615.78,125789.01
3640.87,123384.44
3666.13,121025.52
3691.57,118708.03
3717.19,116435.04
3742.98,114203.49
3768.95,112013.94
3795.10,109865.12
3821.43,107755.95
3847.95,105687.02
3874.65,103654.76
3901.53,101661.45
3928.61,99704.87
3955.87,97786.12
3983.31,95902.10
4010.95,94052.14
4038.78,92238.16
4066.81,90457.63
4095.02,88711.47
4123.44,86996.62
4152.05,85314.77
4180.86,83664.51
4209.87,82045.22
4239.08,80457.00
4268.49,78897.95
4298.11,77368.84
4327.93,75868.50
4357.96,74395.91
4388.20,72951.70
4418.65,71534.34
4449.31,70144.43
4480.18,68780.52
4511.27,67442.71
4542.57,66129.26
4574.09,64841.17
4605.83,63577.64
4637.78,62338.70
4669.96,61123.57
4702.37,59930.48
4735.00,58760.97
4767.85,57612.98
4800.93,56487.28
4834.24,55383.25
4867.79,54300.31
4901.56,53238.78
4935.57,52196.15
4969.82,51174.19
5004.30,50171.34
5039.03,49188.15
5073.99,48223.91
5109.20,47277.97
5144.65,46350.59
5180.34,45439.88
5216.29,44547.20
5252.48,43671.75
5288.93,42813.53
5325.63,41971.66
5362.58,41146.00
5399.79,40336.57
5437.25,39542.42
5474.98,38764.05
5512.97,37999.55
5551.22,37250.19
5589.74,36515.54
5628.52,35795.59
5667.58,35089.44
5706.90,34396.89
5746.50,33718.06
5786.38,33051.95
5826.52,32399.05
5866.95,31758.63
5907.66,31130.83
5948.65,30514.78
5989.93,29910.21
6031.49,29317.78
6073.34,28737.53
6115.48,28168.86
6157.91,27610.43
6200.64,27062.79
6243.67,26525.90
6286.99,25999.62
6330.61,25483.68
6374.54,24977.52
6418.77,24481.54
6463.31,23995.14
6508.15,23518.34
6553.31,23050.77
6598.78,22592.33
6644.57,22142.95
6690.67,21702.38
6737.09,21270.58
6783.84,20846.97
6830.91,20431.72
6878.31,20024.67
6926.04,19625.66
6974.09,19234.51
7022.48,18850.96
7071.21,18475.03
7120.27,18106.36
7169.68,17745.03
7219.43,17390.73
7269.52,17043.44
7319.96,16703.05
7370.75,16369.26
7421.89,16042.15
7473.39,15721.39
7525.25,15407.01
7577.46,15098.81
7630.04,14796.64
7682.98,14500.51
7736.29,14210.22
7789.97,13925.71
7844.02,13646.70
7898.45,13373.24
7953.25,13105.25
8008.44,12842.58
8064.00,12585.14
8119.96,12332.68
8176.30,12085.35
8233.03,11842.76
8290.16,11605.01
8347.68,11372.01
8405.60,11143.68
8463.92,10919.86
8522.65,10700.33
8581.79,10485.25
8641.34,10274.41
8701.29,10067.87
8761.67,9865.44
8822.46,9666.97
8883.68,9472.48
8945.32,9281.86
9007.39,9094.96
9069.88,8911.78
9132.82,8732.25
9196.19,8556.30
9260.00,8383.99
9324.25,8214.97
9388.95,8049.39
9454.09,7887.12
9519.69,7728.09
9585.74,7572.32
9652.25,7419.50
9719.23,7269.71
9786.67,7123.01
9854.57,6979.34
9922.95,6838.54
9991.80,6700.39
10061.10,6565.04
10130.90,6432.36
10201.20,6302.39
10272.00,6174.97
10343.30,6050.12
10415.10,5927.79
10487.30,5807.91
10560.10,5690.45
10633.40,5575.32
10707.10,5462.48
10781.40,5351.92
10856.20,5243.59
10931.60,5137.43
11007.40,5033.37
11083.80,4931.45
11160.70,4831.55
11238.20,4733.66
11316.10,4637.70
11394.60,4543.70
11473.70,4451.59
11553.30,4361.35
11633.50,4272.94
11714.20,4186.27
11795.50,4101.39
11877.30,4018.18
11959.70,3936.65
12042.70,3856.77
12126.30,3778.52
12210.40,3701.87
12295.20,3626.70
12380.50,3553.05
12466.40,3480.91
12552.90,3410.26
12640.00,3341.02
12727.70,3273.15
12816.00,3206.68
12904.90,3141.55
12994.40,3077.76
13084.60,3015.23
13175.40,2953.95
13266.80,2893.92
13358.90,2835.11
13451.60,2777.52
13544.90,2721.05
13638.90,2665.74
13733.50,2611.56
13828.80,2558.49
13924.80,2506.49
14021.40,2455.52
14118.70,2405.61
14216.60,2356.70
14315.30,2308.80
14414.60,2261.85
14514.60,2215.87
14615.30,2170.82
14716.70,2126.70
14818.90,2083.49
14921.70,2041.12
15025.20,1999.62
15129.50,1958.93
15234.50,1919.07
15340.20,1880.03
15446.60,1841.77
15553.80,1804.31
15661.70,1767.58
15770.40,1731.62
15879.80,1696.39
15990.00,1661.88
16100.90,1628.08
16212.70,1594.97
16325.10,1562.54
16438.40,1530.75
16552.50,1499.63
16667.30,1469.13
16783.00,1439.27
16899.40,1410.01
17016.70,1381.34
17134.80,1353.27
17253.70,1325.76
17373.40,1298.83
17493.90,1272.44
17615.30,1246.61
17737.50,1221.29
17860.60,1196.49
17984.50,1172.21
18109.30,1148.41
18235.00,1125.12
18361.50,1102.29
18488.90,1079.94
18617.20,1058.04
18746.40,1036.59
18876.40,1015.59
19007.40,995.01
19139.30,974.87
19272.10,955.13
19405.80,935.80
19540.50,916.87
19676.10,898.33
19812.60,880.14
19950.10,862.25
20088.50,844.72
20227.90,827.65
20368.20,810.94
20509.60,794.57
20651.90,778.55
20795.20,762.87
20939.40,747.52
21084.70,732.49
21231.00,717.78
21378.40,703.38
21526.70,689.28
21676.10,675.48
21826.50,661.98
21977.90,648.75
22130.40,635.80
22283.90,623.13
22438.60,610.73
22594.30,598.58
22751.00,586.70
22908.90,575.06
23067.90,563.68
23227.90,552.53
23389.10,541.61
23551.40,530.93
23714.80,520.48
23879.30,510.24
24045.00,500.23
24211.90,490.42
24379.90,480.82
24549.00,471.43
24719.40,462.23
24890.90,453.23
25063.60,444.42
25237.50,435.80
25412.60,427.36
25588.90,419.10
25766.50,411.01
25945.30,403.10
26125.30,395.35
26306.60,387.77
26489.10,380.35
26672.90,373.09
26858.00,365.98
27044.30,359.02
27232.00,352.22
27420.90,345.55
27611.20,339.03
27802.80,332.65
27995.70,326.40
28189.90,320.29
28385.50,314.31
28582.50,308.45
28780.80,302.72
28980.50,297.11
29181.60,291.62
29384.10,286.25
29588.00,281.00
29793.30,275.85
30000.00,270.82 