energy,attenlength
30,4344822.492
30.2082,4320400.933
30.4178,4296104.722
30.6288,4271934.246
30.8413,4247925.95
31.0553,4224025.412
31.2708,4200780.505
31.4878,4180969.065
31.7063,4161239.717
31.9263,4149170.996
32.1478,4138884.405
32.3709,4128614.602
32.5955,4118378.677
32.8216,4108176.504
33.0494,4097991.165
33.2787,4087822.785
33.5096,4077688.114
33.7421,4067570.481
33.9762,4057486.468
34.212,4047435.949
34.4494,4037402.497
34.6884,4027386.226
34.9291,4017387.252
35.1715,4007437.805
35.4155,3997489.577
35.6612,3987574.717
35.9087,3977693.097
36.1578,3967828.844
36.4087,3957997.728
36.6613,3948184.033
36.9157,3938387.86
37.1719,3928624.746
37.4298,3918879.201
37.6895,3909166.605
37.951,3899486.828
38.2143,3889809.477
38.4795,3880164.985
38.7465,3870538.237
39.0153,3860944.233
39.286,3848655.472
39.5586,3834944.01
39.8331,3819067.842
40.1095,3798742.616
40.3878,3778532.645
40.6681,3758423.567
40.9502,3738429.561
41.2344,3718536.533
41.5205,3698744.646
41.8086,3679067.577
42.0987,3659491.623
42.3908,3640016.89
42.6849,3620643.461
42.9811,3601371.402
43.2793,3582213.593
43.5796,3563144.261
43.882,3544188.948
44.1865,3525322.391
44.4931,3506569.558
44.8018,3487905.687
45.1127,3469343.149
45.4257,3450881.873
45.7409,3432521.771
46.0583,3413400.327
46.3778,3393315.846
46.6996,3373227.369
47.0237,3352487.21
47.3499,3331867.312
47.6785,3311378.891
48.0093,3291010.933
48.3424,3270774.323
48.6779,3250658.258
49.0156,3230673.305
49.3557,3210798.558
49.6982,3191054.835
50.043,3171431.743
50.3903,3151929.296
50.7399,3132547.482
51.0919,3113276.568
51.4465,3094135.993
51.8034,3075106.399
52.1629,3056197.357
52.5248,3039449.009
52.8893,3023065.994
53.2562,3009981.097
53.6258,2999463.096
53.9979,2988991.544
54.3725,2978548.494
54.7498,2968151.732
55.1297,2957774.807
55.5122,2947444.124
55.8974,2937142.219
56.2852,2926886.378
56.6758,2916659.375
57.069,2906478.249
57.465,2896326.01
57.8637,2886202.796
58.2652,2876125.284
58.6695,2866076.828
59.0766,2856065.712
59.4865,2851350.542
59.8993,2858000.257
60.3149,2864664.648
60.7334,2873356.799
61.1548,2882085.246
61.5791,2890841.813
62.0064,2899618.12
62.4366,2908430.96
62.8699,2917263.49
63.3061,2926124.144
63.7454,2935012.943
64.1877,2943929.911
64.633,2951872.668
65.0815,2959429.185
65.5331,2959621.879
65.9878,2948530.452
66.4457,2937478.703
66.9067,2926475.236
67.3709,2915502.895
67.8384,2904570.341
68.3091,2893685.977
68.7831,2882841.328
69.2603,2872036.417
69.7409,2859127.909
70.2248,2829582.721
70.7121,2800351.724
71.2027,2755686.359
71.6968,2707708.304
72.1943,2660565.104
72.6952,2614242.393
73.1996,2568732.87
73.7075,2524009.642
74.2189,2480066.466
74.7339,2422028.837
75.2525,2362418.644
75.7746,2297202.926
76.3004,2227231.017
76.8298,2159388.807
77.3629,2093605.083
77.8997,2029830.387
78.4402,1968531.062
78.9845,1909158.424
79.5325,1870931.892
80.0844,1849126.103
80.64,1827578.897
81.1996,1806283.337
81.763,1785236.097
82.3303,1764430.839
82.9016,1743867.689
83.4768,1724200.359
84.056,1705204.283
84.6392,1691437.773
85.2265,1691437.773
85.8179,1691437.773
86.4133,1691437.773
87.0129,1691437.773
87.6167,1691437.773
88.2246,1691437.773
88.8368,1691437.773
89.4532,1691437.773
90.0739,1691437.773
90.6988,1693721.037
91.3282,1696039.24
91.9619,1701545.514
92.5999,1708671.508
93.2425,1715827.999
93.8894,1723015.001
94.5409,1730232.526
95.1969,1737480.584
95.8574,1744759.18
96.5225,1754062.848
97.1923,1764256.516
97.8667,1778976.413
98.5457,1801052.175
99.2295,1823400.058
99.918,6462578.44
100.611,14503160.17
101.309,17896095.63
102.012,13541731.55
102.72,12983954.17
103.433,11723982.29
104.151,11054381.25
104.873,11062557.55
105.601,12061042.87
106.334,13709810.21
107.071,14656242.95
107.814,15208753.06
108.562,15812209.14
109.316,15935802.94
110.074,16362463.92
110.838,17009782.33
111.607,17645289.1
112.382,18109688.94
113.161,18486290.75
113.946,18852426.41
114.737,19535660.79
115.533,20358625.33
116.335,21288730.32
117.142,22222335.8
117.955,22953911.3
118.773,23383154.26
119.597,23575425.45
120.427,23864531.55
121.263,24157185.98
122.104,24374513.42
122.952,24458830.04
123.805,24500466.12
124.664,24588190.83
125.529,24594346.99
126.4,24681631.63
127.277,24750643.45
128.16,24903957.89
129.049,25080376.34
129.945,25322821.66
130.846,25555552.15
131.754,25723849.84
132.668,25736647.18
133.589,25522731.05
134.516,24926734.1
135.449,24172023.59
136.389,23523622.19
137.335,23038348.02
138.288,22873810.68
139.248,22791539.69
140.214,22783475.42
141.187,22731472.88
142.166,22538522.84
143.153,22427186.77
144.146,22610791.18
145.146,22708765.08
146.153,22783330.08
147.168,22835862.44
148.189,22822244.39
149.217,22731917.27
150.252,22585135.23
151.295,22934043.98
152.345,23225361.72
153.402,22715615.49
154.466,21923555.19
155.538,21633067.27
156.617,21711896.17
157.704,21755342.89
158.798,21978664.43
159.9,22042575.23
161.009,22257577.15
162.126,22485194.06
163.251,22669069.89
164.384,22768037.86
165.525,22708388.64
166.673,22639057.58
167.83,22699316.46
168.994,22623856
170.167,22366541.09
171.348,21946876.71
172.537,21305335.28
173.734,20723627.63
174.939,19951306.84
176.153,19411829.34
177.375,18973726.32
178.606,18589765.52
179.845,18401336.08
181.093,18252468.51
182.35,18063267.32
183.615,17876037.19
184.889,17690739.34
186.172,17506910.85
187.464,17323579.7
188.764,17142170.48
190.074,16955405.93
191.393,16770059.67
192.721,16586757.2
194.058,16405485.86
195.405,16226179.97
196.761,16048819.22
198.126,15873393.81
199.501,15699886
200.885,15528275.83
202.279,15364145.62
203.682,15204854.24
205.095,15048863.66
206.519,14897929.81
207.952,14748512.06
209.394,14600603.41
210.847,14454177.73
212.31,14309218.2
213.783,14165702.45
215.267,14023626.73
216.76,13882969.35
218.265,13743514.95
219.779,13600283.32
221.304,13458544.45
222.839,13297847.58
224.386,13131172.8
225.943,12966576.32
227.51,12804039.93
229.089,12643537.34
230.678,12485044.48
232.279,12328530.18
233.891,12173985.24
235.514,12021383.64
237.148,11870700.06
238.793,11721912.63
240.45,11574994.45
242.119,11429906.44
243.799,11286634.58
245.49,11145154.61
247.194,11005435.69
248.909,10862476.27
250.636,10715942.86
252.375,10571132.94
254.126,10426891.54
255.889,10284618.59
257.665,10144278.01
259.453,10005846.42
261.253,9869330.07
263.066,9734633.88
264.891,9601812.822
266.729,9470773.194
268.58,9341516.502
270.443,9214042.2
272.32,9088347.829
274.209,8964268.426
276.112,8841967.515
278.028,8721361.23
279.957,8602298.534
281.899,8484930.763
283.855,8369181.327
285.825,8254979.817
287.808,8142327.892
289.805,8031225.404
291.816,7921607.77
293.841,7813537.735
295.88,7706891.502
297.933,7599015.168
300,7492488.78
302.082,7386069.872
304.178,7280351.787
306.288,7176072.105
308.413,7073336.351
310.553,6972090.721
312.708,6872285.447
314.878,6773920.406
317.063,6676904.587
319.263,6581328.77
321.478,6487103.638
323.709,6394229.847
325.955,6302706.382
328.216,6212492.079
330.494,6123548.719
332.787,6035877.254
335.096,5949441.645
337.421,5864277.169
339.762,5780313.409
342.12,5697583.655
344.494,5615989.846
346.884,5535596.654
349.291,5456341.087
351.715,5378252.498
354.155,5301243.142
356.612,5225342.913
359.087,5150524.066
361.578,5076812.168
364.087,5004128.406
366.613,4925938.514
369.157,4847215.759
371.719,4768762.697
374.298,4690431.52
376.895,4613397.306
379.51,4537637.434
382.143,4463130.082
384.795,4389834.898
387.465,4317752.006
390.153,4246843.534
392.861,4177091.992
395.586,4108480.314
398.331,4041008.151
401.095,3974641.785
403.878,3909365.275
406.681,3845162.977
409.502,3782019.523
412.344,3719905.961
415.205,3658808.765
418.086,3598727.49
420.987,3539622.535
423.908,3481494.118
426.849,3424317.448
429.811,3368080.699
432.793,3312772.061
435.796,3258369.121
438.82,3204850.862
441.865,3152217.427
444.931,3100448.325
448.018,3049533.574
451.127,2999445.103
454.257,2950191.91
457.409,2901603.716
460.583,2853498.532
463.778,2806198.331
466.996,2757958.78
470.237,2710511.907
473.499,2663889.118
476.785,2618075.191
480.093,2573035.616
483.424,2528777.488
486.779,2485274.747
490.156,2442527.332
493.557,2400510.829
496.982,2359219.476
500.43,2318636.271
503.902,2278755.617
507.399,2239556.389
510.92,2201023.916
514.465,2163167.743
518.034,2125963.327
521.629,2089392.572
525.248,2053447.122
528.893,2018126.815
532.562,1983414.686
536.258,1949294.94
539.979,1915763.863
543.725,1882810.132
547.498,1850422.914
551.297,1818595.135
555.122,1787310.098
558.974,1756567.807
562.852,1726349.444
566.758,1696655.045
570.69,1667469.831
574.65,1638785.463
578.638,1610596.436
582.652,1582388.647
586.695,1554173.032
590.766,1526351.699
594.865,1498522.457
598.993,1471202.679
603.149,1444379.126
607.334,1418043.469
611.548,1392187.6
615.791,1366803.62
620.064,1341883.817
624.366,1317418.913
628.699,1293400.038
633.061,1269817.083
637.454,1246663.616
641.877,1223933.281
646.33,1201621.227
650.815,1179712.716
655.331,1158203.672
659.878,1137087.237
664.457,1116353.009
669.067,1095997.308
673.709,1076016.244
678.384,1056399.031
683.091,1037139.983
687.831,1018229.36
692.603,999660.1156
697.409,982173.5501
702.248,965008.7816
707.121,948379.6933
712.027,932166.2612
716.968,916229.1672
721.943,900568.2586
726.952,885167.2524
731.996,870034.2794
737.075,855161.3262
742.189,840533.9071
747.339,826166.3403
752.525,812037.6461
757.746,798154.6664
763.004,784510.6223
768.298,771093.256
773.629,757908.7781
778.997,744951.094
784.402,732214.5096
789.845,719590.1215
795.325,707028.571
800.844,694627.749
806.4,681853.8242
811.996,669317.1626
817.63,657008.6397
823.303,644932.4433
829.016,633071.6637
834.768,621430.6577
840.56,610001.586
846.392,598784.4675
852.265,587775.4463
858.179,576967.459
864.133,566360.4544
870.129,555947.8076
876.167,545723.4383
882.246,535690.371
888.368,525839.7661
894.532,516168.9937
900.738,506239.4006
906.989,496420.806
913.282,486639.3175
919.619,476914.9327
926,467383.6332
932.425,458041.1413
938.895,448887.4325
945.409,439918.1752
951.969,431125.5394
958.574,422509.6227
965.226,414064.9585
971.923,405789.809
978.667,397679.1445
985.457,389731.3582
992.295,381934.4982
999.18,374294.9219
1006.11,366801.5274
1013.09,359456.2146
1020.12,352256.5555
1027.2,345198.9727
1034.33,338282.4049
1041.51,331507.8302
1048.73,324868.3471
1056.01,318360.8238
1063.34,311982.3044
1070.71,305731.8609
1078.14,299608.4118
1085.63,293606.4265
1093.16,288048.2999
1100.74,282595.2417
1108.38,277398.6663
1116.07,272367.5
1123.82,267426.157
1131.61,262571.2553
1139.46,257804.3832
1147.37,253123.5445
1155.33,248526.8571
1163.35,244014.924
1171.42,239584.082
1179.55,235233.7871
1187.73,230960.2171
1195.97,226764.0543
1204.27,222636.8215
1212.63,218584.0128
1221.04,214601.485
1229.52,210690.4325
1238.05,206850.474
1246.64,203079.9099
1255.29,199378.7359
1264,195745.2806
1272.77,192178.3415
1281.6,188675.6854
1290.49,185236.6398
1299.45,181850.5843
1308.46,178516.2798
1317.54,175242.755
1326.68,172028.2126
1335.89,168872.7071
1345.16,165772.8746
1354.49,162729.693
1363.89,159742.8779
1373.35,156811.5815
1382.88,153932.5929
1392.48,151100.3125
1402.14,148320.1996
1411.87,145586.8972
1421.66,142902.8718
1431.53,140266.422
1441.46,137676.9493
1451.46,135135.1351
1461.53,132640.2438
1471.68,130191.3813
1481.89,127786.2188
1492.17,125425.506
1502.52,123067.6835
1512.95,120726.5809
1523.45,118428.6882
1534.02,116170.8688
1544.66,113956.218
1555.38,111779.9277
1566.17,109645.0352
1577.04,107551.6302
1587.98,105498.475
1599,103484.424
1610.09,101508.415
1621.27,99569.85821
1632.51,97668.64934
1643.84,95802.876
1655.25,93973.48068
1666.73,92178.64221
1678.3,90418.36578
1689.94,88691.79601
1701.67,86998.12954
1713.48,85337.3385
1725.37,83707.9263
1737.34,82076.19954
1749.39,80463.46958
1761.53,78878.66096
1773.75,77320.38475
1786.06,75792.02668
1798.45,74285.92653
1810.93,72809.87884
1823.5,71363.32496
1836.15,69945.72212
1848.89,779162.0891
1861.72,766377.4869
1874.64,753806.724
1887.64,741443.7392
1900.74,729272.2592
1913.93,717308.6579
1927.21,705537.0548
1940.58,693957.7102
1954.05,682565.9017
1967.61,671361.723
1981.26,660340.6037
1995.01,649468.7346
2008.85,638769.4745
2022.79,628219.6256
2036.82,617829.3185
2050.96,607603.5508
2065.19,597539.333
2079.52,587640.74
2093.94,577720.776
2108.47,567946.2496
2123.1,558313.0014
2137.83,548829.347
2152.67,539493.6313
2167.61,530284.5507
2182.65,521232.4019
2197.79,512281.96
2213.04,503484.11
2228.39,494821.691
2243.86,486296.1738
2259.43,477908.6717
2275.1,469633.498
2290.89,461501.5414
2306.79,453471.5515
2322.79,445581.1715
2338.91,437813.0363
2355.14,430172.284
2371.48,422650.6961
2387.93,415230.6606
2404.5,407941.8112
2421.19,400761.4467
2437.99,393708.5376
2454.9,386757.4257
2471.94,379919.0013
2489.09,373192.8138
2506.36,366570.2587
2523.75,360064.5236
2541.26,353660.5637
2558.89,347370.5784
2576.65,341168.8445
2594.53,335070.1134
2612.53,329074.0186
2630.66,323176.9588
2648.91,317383.7423
2667.29,311682.8066
2685.8,306083.72
2704.43,300562.9544
2723.2,295134.1237
2742.09,289798.7927
2761.12,284556.5471
2780.28,279406.8751
2799.57,274338.6381
2818.99,269362.446
2838.55,264462.1105
2858.25,259647.8656
2878.08,254916.706
2898.05,250265.9075
2918.16,245697.2273
2938.41,241198.0791
2958.8,236781.6636
2979.33,232439.7574
3000,228176.0972
3020.82,223985.2349
3041.78,219865.75
3062.88,215820.0406
3084.14,211838.8245
3105.53,207930.9004
3127.08,204091.2124
3148.78,200321.3154
3170.63,196613.9152
3192.63,192969.7269
3214.78,189391.7872
3237.09,185874.9879
3259.55,182423.4961
3282.17,179030.514
3304.94,175700.2975
3327.87,172425.3872
3350.96,169206.7419
3374.21,166047.5859
3397.62,162944.7373
3421.2,159900.4779
3444.94,156906.0635
3468.84,153967.6699
3492.91,151079.5388
3517.15,148244.1225
3541.55,145460.6813
3566.12,142727.261
3590.87,140045.4307
3615.78,137405.8598
3640.87,134815.9493
3666.13,132272.5078
3691.57,129776.0843
3717.19,127325.7642
3742.98,124919.427
3768.95,122558.4818
3795.1,120235.6619
3821.43,117957.0778
3847.95,115720.2486
3874.65,113525.4183
3901.53,111370.3566
3928.61,109253.1998
3955.87,107176.3115
3983.31,105135.7776
4010.95,103134.1435
4038.78,101168.9055
4066.81,99240.80782
4095.02,97347.28644
4123.44,95487.27155
4152.05,93662.77654
4180.86,91871.23328
4209.87,90115.25741
4239.08,88389.97658
4268.49,86697.18408
4298.11,85035.45979
4327.93,83404.22693
4357.96,81803.6059
4388.2,80232.99662
4418.65,78692.44631
4449.31,77178.35919
4480.18,75693.92405
4511.27,74236.29412
4542.57,72806.16814
4574.09,71403.58018
4605.83,70026.54006
4637.78,68676.13024
4669.96,67349.13793
4702.37,66047.58068
4735,64771.03439
4767.85,63518.27738
4800.93,62289.77202
4834.24,61084.36973
4867.79,59901.76111
4901.56,58740.94655
4935.57,57602.02759
4969.82,56485.04841
5004.3,55389.38739
5039.03,54314.17491
5073.99,53257.7783
5109.2,52222.04815
5144.65,51205.89892
5180.34,50209.62519
5216.29,49232.22347
5252.48,48273.9644
5288.93,47333.69307
5325.63,46410.60389
5362.58,45505.63587
5399.79,44617.75965
5437.25,43747.01973
5474.98,42892.68251
5512.97,42054.44368
5551.22,41232.35255
5589.74,40425.60072
5628.52,39634.72636
5667.58,38858.49291
5706.9,38097.56023
5746.5,37351.20215
5786.38,36619.03751
5826.52,35901.22854
5866.95,35197.13918
5907.66,34506.79439
5948.65,33828.92712
5989.93,33164.41591
6031.49,32512.50106
6073.34,31873.32267
6115.48,31246.48477
6157.91,30631.90558
6200.64,30029.21843
6243.67,29438.17248
6286.99,28858.77956
6330.61,28290.70396
6374.54,27732.5583
6418.77,27184.69828
6463.31,26648.2616
6508.15,26122.68782
6553.31,25607.27656
6598.78,25101.78775
6644.57,24606.17812
6690.67,24119.69156
6737.09,23642.72998
6783.84,23175.02474
6830.91,22716.4824
6878.31,22266.95406
6926.04,21826.19799
6974.09,21394.12688
7022.48,20970.16365
7071.21,20554.56209
7120.27,20147.07364
7169.68,19747.54735
7219.43,19355.83772
7269.52,18971.76811
7319.96,18595.27568
7370.75,18225.85848
7421.89,17863.77797
7473.39,17508.78065
7525.25,17160.78281
7577.46,16819.61301
7630.04,16485.13782
7682.98,16157.25533
7736.29,15835.61366
7789.97,15520.38292
7844.02,15211.32331
7898.45,14908.35091
7953.25,14611.31705
8008.44,14320.04147
8064,14034.57558
8119.96,13754.59059
8176.3,13480.28643
8233.03,13211.29619
8290.16,12947.63201
8347.68,12689.14761
8405.6,12435.69193
8463.92,12187.30424
8522.65,11943.76398
8581.79,11705.11994
8641.34,11471.0076
8701.29,11241.62639
8761.67,11016.72228
8822.46,10796.25629
8883.68,10580.20803
8945.32,10368.43186
9007.39,10160.89782
9069.88,9957.283255
9132.82,9757.811128
9196.19,9562.149189
9260,9370.578258
9324.25,9182.736455
9388.95,8998.551233
9454.09,8818.186628
9519.69,8641.1752
9585.74,8467.759008
9652.25,8297.722275
9719.23,8131.072895
9786.67,7967.810047
9854.57,7807.742157
9922.95,7650.87526
9991.8,7497.094876
10061.1,7346.459007
10130.9,7198.698475
10201.2,7053.877516
10272,6911.996461
10343.3,6772.911065
10415.1,6636.624878
10487.3,6502.965352
10560.1,6372.024265
10633.4,6243.678276
10707.1,6117.966633
10781.4,5994.700685
10856.2,5873.85313
10931.6,5755.461933
11007.4,5639.458161
11083.8,5525.777753
11160.7,5414.331736
11238.2,5305.096075
11316.1,5198.072555
11394.6,5093.179723
11473.7,4990.393493
11553.3,4889.664716
11633.5,4790.96998
11714.2,4694.174529
11795.5,4599.371726
11877.3,4506.453241
11959.7,4415.381423
12042.7,4326.176396
12126.3,4238.742958
12210.4,4153.082626
12295.2,4069.126318
12380.5,3986.859312
12466.4,3906.234741
12552.9,3827.209161
12640,3749.784387
12727.7,3673.931253
12816,3599.608363
12904.9,3526.752179
12994.4,3455.377258
13084.6,3385.446642
13175.4,3316.914606
13266.8,3249.770891
13358.9,3183.94274
13451.6,3119.462953
13544.9,3056.290763
13638.9,2994.406449
13733.5,2933.747187
13828.8,2874.314835
13924.8,2816.076417
14021.4,2759.001242
14118.7,2703.097209
14216.6,2648.326125
14315.3,2594.673136
14414.6,2542.084204
14514.6,2490.542166
14615.3,2440.059928
14716.7,2390.58873
14818.9,2342.145265
14921.7,2294.646361
15025.2,2248.120571
15129.5,2202.507334
15234.5,2157.823188
15340.2,2114.048699
15446.6,2071.156658
15553.8,2029.15078
15661.7,1987.960909
15770.4,1947.620689
15879.8,1908.091069
15990,1869.372022
16100.9,1831.4381
16212.7,1794.265885
16325.1,1757.858506
16438.4,1722.178211
16552.5,1687.236896
16667.3,1652.990922
16783,1619.448934
16899.4,1586.593916
17016.7,1554.40495
17134.8,1522.881291
17253.7,1491.976152
17373.4,1461.714767
17493.9,1432.057466
17615.3,1403.014517
17737.5,1374.55911
17860.6,1346.683455
17984.5,1319.384797
18109.3,1292.629298
18235,1266.431955
18361.5,1240.760984
18488.9,1215.620726
18617.2,1190.985195
18746.4,1166.854336
18876.4,1143.219053
19007.4,1120.060394
19139.3,1097.390077
19272.1,1075.170549
19405.8,1053.416652
19540.5,1032.099321
19676.1,1011.21948
19812.6,990.7660603
19950.1,970.7229945
20088.5,951.0766187
20227.9,931.8361832
20368.2,913.00021
20509.6,894.550399
20651.9,876.4856432
20795.2,858.8040295
20939.4,841.4816809
21084.7,824.5246615
21231,807.9175924
21378.4,791.6528127
21526.7,775.7350089
21676.1,760.1499016
21826.5,744.8845057
21977.9,729.9429915
22130.4,715.3126989
22283.9,700.9771622
22438.6,686.9500106
22594.3,673.2148026
22751,659.7655193
22908.9,646.596317
23067.9,633.7015139
23227.9,621.0794361
23389.1,608.7168249
23551.4,596.6195536
23714.8,584.7713836
23879.3,573.1710113
24045,561.8135341
24211.9,550.69415
24379.9,539.8081522
24549,529.1481244
24719.4,518.7152461
24890.9,508.4969846
25063.6,498.4945465
25237.5,488.7036159
25412.6,479.1176569
25588.9,469.732769
25766.5,460.5429802
25945.3,451.5467735
26125.3,442.7403859
26306.6,434.1201037
26489.1,425.6804502
26672.9,417.4180191
26858,409.331112
27044.3,401.4113624
27232,393.6620411
27420.9,386.0735547
27611.2,378.6444529
27802.8,371.3730777
27995.7,364.2536079
28189.9,357.287048
28385.5,350.4652426
28582.5,343.7914698
28780.8,337.2533413
28980.5,330.8552277
29181.6,324.5920689
29384.1,318.4611955
29588,312.4609424
29793.3,306.5867089
30000,300.8396434